temps,ACTU,MILIEU,LASER,LASER_ESTIME,TENSION_ACTU,TENSION_MILIEU,TENSION_LASER,DUTY CYCLE (0 - 1000)
4.0,26.8,26.757,26.494,26.757,2.402,2.404,2.418,550.0,2.0
6.0,26.952,26.602,26.584,26.744,2.394,2.413,2.414,550.0,2.0
8.0,26.992,26.649,26.562,26.736,2.392,2.41,2.415,550.0,2.0
10.0,27.212,26.515,26.472,26.717,2.38,2.417,2.42,550.0,2.0
12.0,27.231,26.606,26.541,26.707,2.379,2.412,2.416,550.0,2.0
14.0,27.296,26.562,26.429,26.695,2.375,2.415,2.422,490.0,2.0
16.0,27.158,26.271,26.206,26.659,2.383,2.431,2.434,490.0,0.0
18.0,27.071,26.271,26.184,26.627,2.387,2.431,2.435,486.0,0.0
20.0,26.941,26.292,26.253,26.599,2.394,2.429,2.432,486.0,0.0
22.0,26.88,26.292,26.163,26.574,2.398,2.429,2.436,483.0,0.0
24.0,26.681,26.271,26.03,26.55,2.408,2.431,2.444,483.0,0.0
26.0,26.552,26.228,26.12,26.524,2.415,2.433,2.439,479.0,0.0
28.0,26.533,26.228,26.098,26.501,2.416,2.433,2.44,479.0,0.0
30.0,26.357,26.206,26.077,26.478,2.426,2.434,2.441,476.0,0.0
32.0,26.249,26.163,26.055,26.454,2.432,2.436,2.442,476.0,0.0
34.0,26.163,26.141,26.012,26.43,2.436,2.438,2.445,473.0,0.0
36.0,26.077,26.12,26.012,26.406,2.441,2.439,2.445,473.0,0.0
38.0,25.991,26.098,25.991,26.384,2.446,2.44,2.446,469.0,0.0
40.0,26.016,26.034,25.969,26.357,2.444,2.444,2.447,469.0,0.0
42.0,25.84,26.012,26.037,26.332,2.454,2.445,2.443,466.0,0.0
44.0,25.844,25.948,25.926,26.303,2.454,2.448,2.449,466.0,0.0
46.0,25.689,25.926,25.904,26.275,2.462,2.449,2.451,463.0,0.0
48.0,25.603,25.883,25.994,26.246,2.467,2.452,2.446,463.0,0.0
50.0,25.607,25.84,25.883,26.216,2.467,2.454,2.452,459.0,0.0
52.0,25.521,25.797,25.84,26.186,2.471,2.456,2.454,459.0,0.0
54.0,25.367,25.844,25.93,26.162,2.48,2.454,2.449,456.0,0.0
56.0,25.371,25.779,25.84,26.135,2.48,2.457,2.454,456.0,0.0
58.0,25.217,25.736,25.797,26.107,2.488,2.46,2.456,452.0,0.0
60.0,25.242,25.693,25.844,26.078,2.487,2.462,2.454,452.0,0.0
62.0,25.157,25.65,25.822,26.049,2.491,2.464,2.455,449.0,0.0
64.0,24.982,25.586,25.8,26.016,2.501,2.468,2.456,449.0,0.0
66.0,24.918,25.543,25.758,25.983,2.505,2.47,2.459,446.0,0.0
68.0,24.943,25.5,25.714,25.949,2.503,2.473,2.461,446.0,0.0
70.0,24.878,25.478,25.672,25.917,2.507,2.474,2.463,442.0,0.0
72.0,24.793,25.414,25.65,25.882,2.511,2.477,2.464,442.0,0.0
74.0,24.707,25.371,25.607,25.847,2.516,2.48,2.467,439.0,0.0
76.0,24.643,25.396,25.654,25.818,2.52,2.478,2.464,439.0,0.0
78.0,24.558,25.264,25.521,25.78,2.524,2.486,2.471,439.0,0.0
80.0,24.494,25.221,25.478,25.742,2.528,2.488,2.474,436.0,0.0
82.0,24.43,25.178,25.525,25.704,2.531,2.49,2.471,436.0,0.0
84.0,24.455,25.114,25.503,25.664,2.53,2.494,2.472,432.0,0.0
86.0,24.302,25.16,25.439,25.632,2.538,2.491,2.476,432.0,0.0
88.0,24.327,25.05,25.307,25.594,2.537,2.497,2.483,429.0,0.0
90.0,24.153,25.075,25.353,25.561,2.547,2.496,2.481,429.0,0.0
92.0,24.178,25.01,25.31,25.526,2.545,2.499,2.483,429.0,0.0
94.0,24.025,24.968,25.267,25.491,2.554,2.502,2.485,426.0,0.0
96.0,24.05,24.925,25.224,25.455,2.552,2.504,2.488,426.0,0.0
98.0,23.986,24.882,25.114,25.42,2.556,2.506,2.494,422.0,0.0
100.0,23.922,24.861,25.182,25.385,2.559,2.508,2.49,422.0,0.0
102.0,23.88,24.796,25.16,25.349,2.562,2.511,2.491,422.0,0.0
104.0,23.816,24.754,25.117,25.312,2.565,2.514,2.494,419.0,0.0
106.0,23.752,24.711,25.096,25.276,2.569,2.516,2.495,419.0,0.0
108.0,23.688,24.668,25.053,25.239,2.572,2.518,2.497,415.0,0.0
110.0,23.625,24.626,25.1,25.202,2.576,2.521,2.495,415.0,0.0
112.0,23.561,24.65,24.989,25.171,2.579,2.519,2.501,415.0,0.0
114.0,23.476,24.497,24.946,25.129,2.584,2.528,2.503,412.0,0.0
116.0,23.522,24.455,24.903,25.088,2.581,2.53,2.505,412.0,0.0
118.0,23.458,24.412,24.861,25.048,2.585,2.532,2.508,412.0,0.0
120.0,23.196,24.348,24.886,25.005,2.599,2.536,2.506,409.0,0.0
122.0,23.221,24.306,24.775,24.963,2.598,2.538,2.512,409.0,0.0
124.0,23.158,24.263,24.821,24.922,2.601,2.54,2.51,409.0,0.0
126.0,23.182,24.22,24.779,24.881,2.6,2.543,2.512,405.0,0.0
128.0,23.052,24.156,24.736,24.838,2.607,2.546,2.514,405.0,0.0
130.0,23.097,24.114,24.693,24.796,2.605,2.549,2.517,405.0,0.0
132.0,23.013,24.071,24.562,24.754,2.61,2.551,2.524,402.0,0.0
134.0,22.949,24.117,24.608,24.72,2.613,2.549,2.522,402.0,0.0
136.0,22.818,23.986,24.565,24.678,2.62,2.556,2.524,402.0,0.0
138.0,22.822,23.922,24.433,24.635,2.62,2.559,2.531,399.0,0.0
140.0,22.801,23.968,24.48,24.6,2.621,2.557,2.529,399.0,0.0
142.0,22.737,23.926,24.437,24.564,2.625,2.559,2.531,399.0,0.0
144.0,22.674,23.883,24.394,24.529,2.628,2.561,2.533,395.0,0.0
146.0,22.61,23.819,24.263,24.491,2.632,2.565,2.54,395.0,0.0
148.0,22.547,23.777,24.309,24.454,2.635,2.567,2.538,395.0,0.0
150.0,22.483,23.734,24.288,24.416,2.639,2.57,2.539,395.0,0.0
152.0,22.42,23.692,24.245,24.378,2.642,2.572,2.541,392.0,0.0
154.0,22.378,23.717,24.181,24.346,2.645,2.571,2.545,392.0,0.0
156.0,22.402,23.586,24.139,24.306,2.643,2.578,2.547,392.0,0.0
158.0,22.251,23.543,24.096,24.266,2.652,2.58,2.55,389.0,0.0
160.0,22.209,23.501,24.053,24.226,2.654,2.583,2.552,389.0,0.0
162.0,22.145,23.547,24.011,24.195,2.658,2.58,2.554,389.0,0.0
164.0,22.082,23.394,24.057,24.153,2.661,2.588,2.552,389.0,0.0
166.0,22.018,23.44,23.926,24.119,2.665,2.586,2.559,385.0,0.0
168.0,21.997,23.398,23.972,24.084,2.666,2.588,2.557,385.0,0.0
170.0,21.934,23.246,23.862,24.04,2.669,2.597,2.563,385.0,0.0
172.0,21.871,23.292,23.887,24.005,2.673,2.594,2.561,385.0,0.0
174.0,21.807,23.249,23.844,23.969,2.676,2.596,2.564,382.0,0.0
176.0,21.853,23.119,23.713,23.925,2.674,2.604,2.571,382.0,0.0
178.0,21.79,23.076,23.759,23.881,2.677,2.606,2.568,382.0,0.0
180.0,21.638,23.034,23.738,23.839,2.686,2.608,2.569,382.0,0.0
182.0,21.575,23.08,23.674,23.804,2.689,2.606,2.573,382.0,0.0
184.0,21.554,23.037,23.543,23.769,2.69,2.608,2.58,378.0,0.0
186.0,21.579,22.974,23.589,23.732,2.689,2.612,2.578,378.0,0.0
188.0,21.624,22.931,23.547,23.695,2.687,2.614,2.58,378.0,0.0
190.0,21.473,22.91,23.504,23.66,2.695,2.615,2.582,378.0,0.0
192.0,21.431,22.868,23.483,23.624,2.697,2.618,2.583,378.0,0.0
194.0,21.368,22.826,23.44,23.589,2.701,2.62,2.586,375.0,0.0
196.0,21.326,22.762,23.419,23.551,2.703,2.623,2.587,375.0,0.0
198.0,21.283,22.741,23.377,23.515,2.705,2.625,2.589,375.0,0.0
200.0,21.22,22.699,23.334,23.479,2.709,2.627,2.592,375.0,0.0
202.0,21.178,22.635,23.292,23.441,2.711,2.63,2.594,375.0,0.0
204.0,21.157,22.593,23.249,23.403,2.713,2.633,2.596,375.0,0.0
206.0,21.115,22.572,23.228,23.367,2.715,2.634,2.598,372.0,0.0
208.0,21.16,22.529,23.186,23.33,2.712,2.636,2.6,372.0,0.0
210.0,21.031,22.487,23.143,23.294,2.72,2.639,2.602,372.0,0.0
212.0,20.967,22.466,23.101,23.259,2.723,2.64,2.605,372.0,0.0
214.0,21.013,22.402,23.059,23.222,2.721,2.643,2.607,372.0,0.0
216.0,20.883,22.36,23.037,23.185,2.728,2.646,2.608,372.0,0.0
218.0,20.862,22.427,22.974,23.158,2.729,2.642,2.612,372.0,0.0
220.0,20.841,22.297,23.02,23.122,2.73,2.649,2.609,368.0,0.0
222.0,20.887,22.254,22.91,23.085,2.728,2.652,2.615,368.0,0.0
224.0,20.778,22.212,22.889,23.049,2.734,2.654,2.616,368.0,0.0
226.0,20.736,22.191,22.935,23.014,2.736,2.655,2.614,368.0,0.0
228.0,20.672,22.149,22.804,22.979,2.74,2.657,2.621,368.0,0.0
230.0,20.63,22.106,22.783,22.944,2.742,2.66,2.622,368.0,0.0
232.0,20.609,22.152,22.741,22.916,2.743,2.657,2.625,368.0,0.0
234.0,20.567,22.11,22.808,22.887,2.745,2.66,2.621,368.0,0.0
236.0,20.525,22.001,22.677,22.852,2.748,2.666,2.628,365.0,0.0
238.0,20.483,21.959,22.723,22.816,2.75,2.668,2.626,365.0,0.0
240.0,20.441,21.937,22.614,22.782,2.752,2.669,2.632,365.0,2.0
242.0,20.42,21.874,22.593,22.746,2.754,2.673,2.633,365.0,2.0
244.0,20.465,21.853,22.572,22.711,2.751,2.674,2.634,365.0,2.0
246.0,20.315,21.811,22.529,22.677,2.759,2.676,2.636,365.0,2.0
248.0,20.293,21.769,22.596,22.642,2.761,2.679,2.633,365.0,2.0
250.0,20.272,21.726,22.466,22.606,2.762,2.681,2.64,365.0,2.0
252.0,20.318,21.705,22.445,22.573,2.759,2.682,2.641,365.0,2.0
254.0,20.188,21.772,22.402,22.548,2.766,2.678,2.643,365.0,2.0
256.0,20.146,21.663,22.36,22.516,2.769,2.684,2.646,365.0,2.0
258.0,20.146,21.621,22.318,22.484,2.769,2.687,2.648,365.0,1.0
260.0,20.125,21.6,22.275,22.453,2.77,2.688,2.65,365.0,1.0
262.0,20.083,21.558,22.233,22.421,2.772,2.69,2.653,365.0,1.0
264.0,20.041,21.515,22.212,22.389,2.775,2.693,2.654,365.0,1.0
266.0,20.02,21.582,22.258,22.366,2.776,2.689,2.651,362.0,1.0
268.0,20.087,21.473,22.237,22.336,2.772,2.695,2.653,362.0,1.0
270.0,19.999,21.452,22.216,22.306,2.777,2.696,2.654,362.0,1.0
272.0,19.978,21.431,22.106,22.278,2.778,2.697,2.66,362.0,1.0
274.0,19.957,21.498,22.064,22.258,2.779,2.694,2.662,362.0,1.0
276.0,19.957,21.368,22.043,22.229,2.779,2.701,2.663,362.0,1.0
278.0,19.915,21.347,22.022,22.201,2.782,2.702,2.664,362.0,1.0
280.0,19.981,21.413,21.98,22.182,2.778,2.698,2.667,362.0,1.0
282.0,19.96,21.413,21.959,22.164,2.779,2.698,2.668,362.0,1.0
284.0,19.852,21.283,21.916,22.137,2.785,2.705,2.67,362.0,1.0
286.0,19.81,21.262,21.983,22.11,2.788,2.707,2.667,362.0,1.0
288.0,19.788,21.241,21.874,22.085,2.789,2.708,2.673,362.0,1.0
290.0,19.746,21.308,21.941,22.067,2.791,2.704,2.669,362.0,1.0
292.0,19.725,21.178,21.92,22.04,2.792,2.711,2.67,362.0,1.0
294.0,19.813,21.136,21.79,22.013,2.787,2.714,2.677,362.0,1.0
296.0,19.704,21.115,21.79,21.985,2.793,2.715,2.677,362.0,1.0
298.0,19.771,21.182,21.769,21.967,2.79,2.711,2.679,362.0,1.0
300.0,19.641,21.16,21.814,21.948,2.797,2.712,2.676,362.0,1.0
302.0,19.599,21.052,21.793,21.922,2.799,2.718,2.677,362.0,1.0
304.0,19.687,21.009,21.751,21.894,2.794,2.721,2.679,362.0,1.0
306.0,19.578,21.009,21.663,21.87,2.801,2.721,2.684,362.0,1.0
308.0,19.557,20.967,21.751,21.844,2.802,2.723,2.679,362.0,1.0
310.0,19.448,20.858,21.47,21.811,2.808,2.729,2.695,362.0,1.0
312.0,19.301,20.774,21.47,21.774,2.816,2.734,2.695,362.0,1.0
314.0,19.322,20.862,21.449,21.748,2.815,2.729,2.696,362.0,1.0
316.0,19.322,20.753,21.427,21.716,2.815,2.735,2.697,362.0,1.0
318.0,19.301,20.732,21.406,21.684,2.816,2.736,2.699,362.0,1.0
320.0,19.28,20.69,21.364,21.652,2.817,2.739,2.701,362.0,1.0
322.0,19.259,20.69,21.322,21.623,2.818,2.739,2.703,362.0,1.0
324.0,19.259,20.648,21.301,21.594,2.818,2.741,2.705,365.0,1.0
326.0,19.15,20.627,21.301,21.565,2.824,2.742,2.705,365.0,1.0
328.0,19.259,20.606,21.28,21.538,2.818,2.743,2.706,365.0,1.0
330.0,19.238,20.585,21.347,21.511,2.819,2.744,2.702,365.0,1.0
332.0,19.217,20.585,21.238,21.487,2.821,2.744,2.708,365.0,1.0
334.0,19.196,20.564,21.304,21.463,2.822,2.746,2.704,365.0,1.0
336.0,19.196,20.543,21.217,21.44,2.822,2.747,2.709,365.0,1.0
338.0,19.242,20.5,21.174,21.415,2.819,2.749,2.712,365.0,1.0
340.0,19.112,20.479,21.174,21.391,2.827,2.75,2.712,365.0,1.0
342.0,19.112,20.458,21.132,21.368,2.827,2.751,2.714,365.0,1.0
344.0,19.133,20.458,21.132,21.347,2.825,2.751,2.714,365.0,1.0
346.0,19.221,20.458,21.069,21.328,2.82,2.751,2.717,365.0,1.0
348.0,19.112,20.35,21.069,21.301,2.827,2.757,2.717,365.0,1.0
350.0,19.112,20.525,21.069,21.292,2.827,2.748,2.717,365.0,1.0
352.0,19.112,20.504,21.069,21.282,2.827,2.749,2.717,365.0,1.0
354.0,19.2,20.504,21.048,21.273,2.822,2.749,2.719,368.0,1.0
356.0,19.091,20.483,21.048,21.263,2.828,2.75,2.719,368.0,1.0
358.0,19.178,20.483,21.027,21.255,2.823,2.75,2.72,368.0,1.0
360.0,19.091,20.462,21.094,21.245,2.828,2.751,2.716,368.0,1.0
362.0,19.158,20.462,21.073,21.236,2.824,2.751,2.717,368.0,1.0
364.0,19.158,20.374,20.985,21.22,2.824,2.756,2.722,368.0,1.0
366.0,19.07,20.374,21.094,21.206,2.829,2.756,2.716,368.0,1.0
368.0,19.07,20.42,20.985,21.197,2.829,2.754,2.722,368.0,0.0
370.0,19.049,20.311,20.943,21.18,2.83,2.76,2.724,368.0,0.0
372.0,19.007,20.311,20.943,21.164,2.832,2.76,2.724,368.0,0.0
374.0,19.007,20.29,21.009,21.148,2.832,2.761,2.721,372.0,0.0
376.0,19.028,20.269,20.879,21.132,2.831,2.762,2.728,372.0,0.0
378.0,19.007,20.248,20.967,21.116,2.832,2.763,2.723,372.0,0.0
380.0,18.986,20.248,20.858,21.101,2.834,2.763,2.729,372.0,0.0
382.0,18.986,20.248,20.946,21.087,2.834,2.763,2.724,372.0,0.0
384.0,19.094,20.248,20.879,21.075,2.827,2.763,2.728,372.0,0.0
386.0,19.007,20.227,20.901,21.062,2.832,2.764,2.727,372.0,0.0
388.0,19.007,20.227,20.988,21.051,2.832,2.764,2.722,372.0,0.0
390.0,19.007,20.227,20.967,21.041,2.832,2.764,2.723,372.0,0.0
392.0,19.028,20.293,20.858,21.037,2.831,2.761,2.729,372.0,0.0
394.0,19.049,20.206,20.946,21.026,2.83,2.766,2.724,375.0,0.0
396.0,19.07,20.206,20.837,21.016,2.829,2.766,2.73,375.0,0.0
398.0,19.091,20.206,20.816,21.007,2.828,2.766,2.731,375.0,0.0
400.0,19.112,20.206,20.816,20.999,2.827,2.766,2.731,375.0,0.0
402.0,19.112,20.185,20.816,20.99,2.827,2.767,2.731,375.0,0.0
404.0,19.091,20.185,20.795,20.982,2.828,2.767,2.733,375.0,0.0
406.0,19.07,20.185,20.862,20.975,2.829,2.767,2.729,375.0,0.0
408.0,19.049,20.185,20.774,20.968,2.83,2.767,2.734,375.0,0.0
410.0,19.07,20.185,20.753,20.962,2.829,2.767,2.735,378.0,0.0
412.0,19.07,20.185,20.841,20.957,2.829,2.767,2.73,378.0,0.0
414.0,19.091,20.185,20.753,20.952,2.828,2.767,2.735,378.0,0.0
416.0,19.003,20.164,20.732,20.946,2.833,2.768,2.736,378.0,0.0
418.0,19.091,20.164,20.732,20.94,2.828,2.768,2.736,378.0,0.0
420.0,19.07,20.164,20.644,20.935,2.829,2.768,2.741,378.0,0.0
422.0,19.07,20.164,20.711,20.93,2.829,2.768,2.737,378.0,0.0
424.0,19.07,20.164,20.69,20.926,2.829,2.768,2.739,378.0,0.0
426.0,19.091,20.143,20.711,20.921,2.828,2.769,2.737,382.0,0.0
428.0,19.07,20.143,20.602,20.916,2.829,2.769,2.743,382.0,0.0
430.0,19.07,20.122,20.711,20.909,2.829,2.77,2.737,382.0,0.0
432.0,19.07,20.188,20.69,20.909,2.829,2.766,2.739,382.0,0.0
434.0,19.091,20.101,20.711,20.902,2.828,2.771,2.737,382.0,0.0
436.0,19.178,20.034,20.69,20.889,2.823,2.775,2.739,382.0,0.0
438.0,19.07,20.122,20.69,20.886,2.829,2.77,2.739,382.0,0.0
440.0,19.091,20.122,20.669,20.882,2.828,2.77,2.74,382.0,0.0
442.0,19.091,20.122,20.669,20.879,2.828,2.77,2.74,385.0,0.0
444.0,19.07,20.034,20.669,20.869,2.829,2.775,2.74,385.0,0.0
446.0,19.07,20.122,20.648,20.867,2.829,2.77,2.741,385.0,0.0
448.0,19.091,20.188,20.648,20.871,2.828,2.766,2.741,385.0,0.0
450.0,19.112,20.034,20.539,20.861,2.827,2.775,2.747,385.0,0.0
452.0,19.091,20.101,20.627,20.859,2.828,2.771,2.742,385.0,0.0
454.0,19.091,20.101,20.648,20.856,2.828,2.771,2.741,385.0,0.0
456.0,19.112,20.101,20.669,20.854,2.827,2.771,2.74,389.0,0.0
458.0,19.091,20.08,20.669,20.85,2.828,2.773,2.74,389.0,0.0
460.0,19.133,20.08,20.669,20.846,2.825,2.773,2.74,389.0,0.0
462.0,19.066,20.101,20.669,20.845,2.829,2.771,2.74,389.0,0.0
464.0,19.108,20.101,20.648,20.843,2.827,2.771,2.741,389.0,0.0
466.0,19.196,20.034,20.648,20.837,2.822,2.775,2.741,389.0,0.0
468.0,19.129,20.122,20.627,20.838,2.826,2.77,2.742,389.0,0.0
470.0,19.217,20.122,20.627,20.839,2.821,2.77,2.742,389.0,0.0
472.0,19.15,20.122,20.627,20.84,2.824,2.77,2.742,392.0,0.0
474.0,19.15,20.122,20.627,20.841,2.824,2.77,2.742,392.0,0.0
476.0,19.259,20.055,20.627,20.836,2.818,2.774,2.742,392.0,0.0
478.0,19.301,20.055,20.539,20.832,2.816,2.774,2.747,392.0,0.0
480.0,19.301,20.143,20.539,20.836,2.816,2.769,2.747,392.0,0.0
482.0,19.322,20.164,20.627,20.841,2.815,2.768,2.742,392.0,0.0
484.0,19.214,20.076,20.627,20.838,2.821,2.773,2.742,392.0,0.0
486.0,19.214,20.097,20.648,20.837,2.821,2.772,2.741,395.0,0.0
488.0,19.214,20.164,20.539,20.842,2.821,2.768,2.747,395.0,0.0
490.0,19.256,20.185,20.539,20.848,2.818,2.767,2.747,395.0,0.0
492.0,19.364,20.185,20.56,20.854,2.812,2.767,2.746,395.0,0.0
494.0,19.277,20.185,20.648,20.859,2.817,2.767,2.741,395.0,0.0
496.0,19.277,20.164,20.56,20.862,2.817,2.768,2.746,395.0,0.0
498.0,19.277,20.076,20.56,20.857,2.817,2.773,2.746,395.0,0.0
500.0,19.385,20.097,20.602,20.854,2.811,2.772,2.743,395.0,0.0
502.0,19.298,20.185,20.669,20.859,2.816,2.767,2.74,399.0,0.0
504.0,19.298,20.185,20.581,20.864,2.816,2.767,2.745,399.0,0.0
506.0,19.406,20.097,20.56,20.86,2.81,2.772,2.746,399.0,0.0
508.0,19.34,20.097,20.581,20.857,2.814,2.772,2.745,399.0,0.0
510.0,19.34,20.097,20.669,20.855,2.814,2.772,2.74,399.0,0.0
512.0,19.361,20.206,20.581,20.861,2.813,2.766,2.745,399.0,0.0
514.0,19.448,20.118,20.602,20.86,2.808,2.77,2.743,399.0,0.0
516.0,19.469,20.139,20.602,20.861,2.807,2.769,2.743,402.0,0.0
518.0,19.382,20.139,20.669,20.861,2.811,2.769,2.74,402.0,0.0
520.0,19.361,20.227,20.581,20.869,2.813,2.764,2.745,402.0,0.0
522.0,19.403,20.139,20.602,20.869,2.81,2.769,2.743,402.0,0.0
524.0,19.403,20.16,20.669,20.871,2.81,2.768,2.74,402.0,0.0
526.0,19.424,20.16,20.602,20.872,2.809,2.768,2.743,402.0,0.0
528.0,19.445,20.248,20.602,20.881,2.808,2.763,2.743,402.0,0.0
530.0,19.445,20.269,20.581,20.891,2.808,2.762,2.745,402.0,0.0
532.0,19.445,20.181,20.602,20.892,2.808,2.767,2.743,405.0,0.0
534.0,19.378,20.269,20.69,20.901,2.812,2.762,2.739,405.0,0.0
536.0,19.487,20.29,20.602,20.91,2.806,2.761,2.743,405.0,0.0
538.0,19.487,20.202,20.623,20.912,2.806,2.766,2.742,405.0,0.0
540.0,19.508,20.202,20.623,20.913,2.804,2.766,2.742,405.0,0.0
542.0,19.441,20.223,20.644,20.915,2.808,2.765,2.741,405.0,0.0
544.0,19.441,20.244,20.644,20.92,2.808,2.763,2.741,405.0,0.0
546.0,19.55,20.244,20.644,20.924,2.802,2.763,2.741,409.0,0.0
548.0,19.441,20.265,20.644,20.929,2.808,2.762,2.741,409.0,0.0
550.0,19.571,20.265,20.644,20.934,2.801,2.762,2.741,409.0,0.0
552.0,19.571,20.353,20.644,20.946,2.801,2.757,2.741,409.0,0.0
554.0,19.483,20.265,20.665,20.949,2.806,2.762,2.74,409.0,0.0
556.0,19.592,20.286,20.578,20.954,2.8,2.761,2.745,409.0,0.0
558.0,19.613,20.286,20.686,20.958,2.799,2.761,2.739,409.0,0.0
560.0,19.613,20.286,20.686,20.962,2.799,2.761,2.739,409.0,0.0
562.0,19.634,20.199,20.686,20.958,2.797,2.766,2.739,412.0,0.0
564.0,19.634,20.308,20.686,20.963,2.797,2.76,2.739,412.0,0.0
566.0,19.568,20.308,20.686,20.968,2.801,2.76,2.739,412.0,0.0
568.0,19.589,20.329,20.707,20.975,2.8,2.759,2.738,412.0,0.0
570.0,19.697,20.329,20.707,20.981,2.794,2.759,2.738,412.0,0.0
572.0,19.718,20.262,20.62,20.98,2.793,2.762,2.742,412.0,0.0
574.0,19.739,20.262,20.729,20.98,2.792,2.762,2.736,412.0,0.0
576.0,19.673,20.35,20.641,20.987,2.795,2.757,2.741,412.0,0.0
578.0,19.781,20.371,20.75,20.995,2.789,2.756,2.735,412.0,0.0
580.0,19.781,20.392,20.683,21.005,2.789,2.755,2.739,415.0,0.0
582.0,19.781,20.371,20.771,21.011,2.789,2.756,2.734,415.0,0.0
584.0,19.715,20.283,20.792,21.009,2.793,2.761,2.733,415.0,0.0
586.0,19.715,20.392,20.792,21.017,2.793,2.755,2.733,415.0,0.0
588.0,19.757,20.413,20.792,21.026,2.791,2.754,2.733,415.0,0.0
590.0,19.757,20.434,20.725,21.036,2.791,2.753,2.737,415.0,0.0
592.0,19.799,20.367,20.813,21.04,2.788,2.757,2.732,415.0,0.0
594.0,19.82,20.476,20.834,21.052,2.787,2.75,2.731,415.0,0.0
596.0,19.929,20.455,20.876,21.061,2.781,2.752,2.728,415.0,0.0
598.0,19.95,20.476,20.809,21.071,2.78,2.75,2.732,419.0,0.0
600.0,19.95,20.409,20.809,21.075,2.78,2.754,2.732,419.0,0.0
602.0,19.841,20.409,20.897,21.078,2.786,2.754,2.727,419.0,0.0
604.0,19.862,20.476,20.809,21.086,2.785,2.75,2.732,419.0,0.0
606.0,19.862,20.409,20.809,21.088,2.785,2.754,2.732,419.0,0.0
608.0,19.883,20.43,20.897,21.092,2.783,2.753,2.727,419.0,0.0
610.0,19.904,20.43,20.918,21.095,2.782,2.753,2.726,419.0,0.0
612.0,19.925,20.539,20.918,21.108,2.781,2.747,2.726,419.0,0.0
614.0,20.034,20.451,20.939,21.111,2.775,2.752,2.725,419.0,0.0
616.0,19.988,20.56,20.981,21.124,2.778,2.746,2.722,422.0,0.0
618.0,19.988,20.493,20.981,21.129,2.778,2.749,2.722,422.0,0.0
620.0,20.076,20.493,20.915,21.134,2.773,2.749,2.726,422.0,0.0
622.0,19.988,20.581,21.002,21.147,2.778,2.745,2.721,422.0,0.0
624.0,20.097,20.514,20.915,21.152,2.772,2.748,2.726,422.0,0.0
626.0,20.03,20.536,21.002,21.158,2.775,2.747,2.721,422.0,0.0
628.0,20.139,20.536,20.957,21.164,2.769,2.747,2.724,422.0,0.0
630.0,20.051,20.536,20.978,21.17,2.774,2.747,2.723,422.0,0.0
632.0,20.073,20.536,20.957,21.174,2.773,2.747,2.724,422.0,0.0
634.0,20.16,20.557,20.978,21.181,2.768,2.746,2.723,422.0,0.0
636.0,20.094,20.578,20.999,21.188,2.772,2.745,2.721,426.0,0.0
638.0,20.115,20.578,21.02,21.195,2.771,2.745,2.72,426.0,0.0
640.0,20.157,20.599,21.02,21.203,2.768,2.744,2.72,426.0,2.0
642.0,20.178,20.686,21.108,21.217,2.767,2.739,2.715,426.0,2.0
644.0,20.178,20.707,21.02,21.232,2.767,2.738,2.72,426.0,2.0
646.0,20.286,20.62,21.108,21.238,2.761,2.742,2.715,426.0,2.0
648.0,20.22,20.729,21.129,21.253,2.765,2.736,2.714,426.0,2.0
650.0,20.22,20.641,21.129,21.259,2.765,2.741,2.714,426.0,2.0
652.0,20.22,20.75,21.041,21.274,2.765,2.735,2.719,426.0,2.0
654.0,20.241,20.771,21.041,21.289,2.764,2.734,2.719,426.0,2.0
656.0,20.241,20.683,21.02,21.295,2.764,2.739,2.72,426.0,2.0
658.0,20.241,20.704,21.041,21.302,2.764,2.738,2.719,429.0,1.0
660.0,20.241,20.704,21.02,21.308,2.764,2.738,2.72,429.0,1.0
662.0,20.283,20.704,21.041,21.314,2.761,2.738,2.719,429.0,1.0
664.0,20.304,20.725,21.041,21.321,2.76,2.737,2.719,429.0,1.0
666.0,20.325,20.746,21.041,21.33,2.759,2.735,2.719,429.0,1.0
668.0,20.346,20.746,21.041,21.337,2.758,2.735,2.719,429.0,1.0
670.0,20.346,20.767,21.062,21.346,2.758,2.734,2.718,429.0,1.0
672.0,20.346,20.767,21.083,21.354,2.758,2.734,2.717,429.0,1.0
674.0,20.388,20.788,21.104,21.362,2.755,2.733,2.715,429.0,1.0
676.0,20.497,20.788,21.146,21.37,2.749,2.733,2.713,429.0,1.0
678.0,20.388,20.809,21.167,21.379,2.755,2.732,2.712,429.0,1.0
680.0,20.409,20.809,21.167,21.387,2.754,2.732,2.712,429.0,1.0
682.0,20.409,20.83,21.167,21.397,2.754,2.731,2.712,429.0,1.0
684.0,20.43,20.939,21.167,21.414,2.753,2.725,2.712,429.0,1.0
686.0,20.451,20.939,21.255,21.43,2.752,2.725,2.707,432.0,1.0
688.0,20.472,20.96,21.167,21.446,2.751,2.723,2.712,432.0,1.0
690.0,20.472,20.872,21.167,21.454,2.751,2.728,2.712,432.0,1.0
692.0,20.493,20.96,21.189,21.468,2.749,2.723,2.711,432.0,1.0
694.0,20.493,20.894,21.21,21.474,2.749,2.727,2.71,432.0,1.0
696.0,20.514,20.894,21.21,21.481,2.748,2.727,2.71,432.0,1.0
698.0,20.514,20.894,21.21,21.486,2.748,2.727,2.71,432.0,1.0
700.0,20.514,20.894,21.21,21.491,2.748,2.727,2.71,432.0,1.0
702.0,20.536,21.023,21.21,21.507,2.747,2.72,2.71,432.0,1.0
704.0,20.557,20.936,21.231,21.514,2.746,2.725,2.708,432.0,1.0
706.0,20.557,20.869,21.252,21.514,2.746,2.729,2.707,432.0,1.0
708.0,20.578,20.957,21.273,21.522,2.745,2.724,2.706,432.0,1.0
710.0,20.578,20.957,21.294,21.529,2.745,2.724,2.705,432.0,1.0
712.0,20.599,20.957,21.315,21.535,2.744,2.724,2.704,432.0,1.0
714.0,20.62,20.978,21.315,21.543,2.742,2.723,2.704,432.0,1.0
716.0,20.62,20.999,21.315,21.551,2.742,2.721,2.704,432.0,1.0
718.0,20.62,21.087,21.403,21.567,2.742,2.716,2.699,432.0,1.0
720.0,20.729,20.999,21.336,21.573,2.736,2.721,2.703,436.0,1.0
722.0,20.641,21.02,21.357,21.58,2.741,2.72,2.701,436.0,1.0
724.0,20.493,20.999,21.336,21.585,2.749,2.721,2.703,436.0,1.0
726.0,20.662,21.02,21.269,21.592,2.74,2.72,2.706,436.0,1.0
728.0,20.595,21.041,21.357,21.599,2.744,2.719,2.701,436.0,1.0
730.0,20.725,21.062,21.378,21.608,2.737,2.718,2.7,436.0,1.0
732.0,20.725,21.062,21.508,21.616,2.737,2.718,2.693,436.0,1.0
734.0,20.767,21.083,21.442,21.625,2.734,2.717,2.697,436.0,1.0
736.0,20.767,21.104,21.442,21.634,2.734,2.715,2.697,436.0,1.0
738.0,20.788,21.213,21.442,21.653,2.733,2.709,2.697,436.0,1.0
740.0,20.809,21.146,21.442,21.663,2.732,2.713,2.697,436.0,1.0
742.0,20.809,21.146,21.463,21.673,2.732,2.713,2.696,436.0,1.0
744.0,20.83,21.146,21.484,21.682,2.731,2.713,2.694,436.0,1.0
746.0,20.851,21.146,21.572,21.69,2.73,2.713,2.689,436.0,1.0
748.0,20.851,21.146,21.505,21.697,2.73,2.713,2.693,436.0,1.0
750.0,20.851,21.146,21.593,21.703,2.73,2.713,2.688,436.0,1.0
752.0,20.851,21.167,21.505,21.711,2.73,2.712,2.693,436.0,1.0
754.0,20.851,21.167,21.526,21.718,2.73,2.712,2.692,436.0,1.0
756.0,20.851,21.189,21.593,21.726,2.73,2.711,2.688,436.0,1.0
758.0,20.872,21.21,21.526,21.735,2.728,2.71,2.692,436.0,1.0
760.0,20.96,21.21,21.526,21.743,2.723,2.71,2.692,436.0,1.0
762.0,20.894,21.231,21.635,21.752,2.727,2.708,2.686,436.0,1.0
764.0,20.894,21.231,21.547,21.761,2.727,2.708,2.691,436.0,1.0
766.0,21.002,21.34,21.635,21.778,2.721,2.702,2.686,436.0,1.0
768.0,20.915,21.252,21.547,21.785,2.726,2.707,2.691,436.0,1.0
770.0,20.981,21.273,21.547,21.794,2.722,2.706,2.691,436.0,1.0
772.0,20.915,21.273,21.547,21.802,2.726,2.706,2.691,436.0,1.0
774.0,20.915,21.382,21.547,21.819,2.726,2.7,2.691,439.0,1.0
776.0,20.915,21.361,21.547,21.832,2.726,2.701,2.691,439.0,1.0
778.0,20.915,21.273,21.656,21.836,2.726,2.706,2.685,439.0,1.0
780.0,20.936,21.294,21.677,21.842,2.725,2.705,2.684,439.0,1.0
782.0,20.957,21.361,21.589,21.852,2.724,2.701,2.688,439.0,1.0
784.0,20.978,21.382,21.61,21.864,2.723,2.7,2.687,439.0,1.0
786.0,20.999,21.294,21.698,21.867,2.721,2.705,2.682,439.0,1.0
788.0,20.999,21.315,21.631,21.872,2.721,2.704,2.686,439.0,1.0
790.0,20.999,21.336,21.631,21.877,2.721,2.703,2.686,439.0,1.0
792.0,20.999,21.336,21.652,21.883,2.721,2.703,2.685,439.0,1.0
794.0,21.02,21.336,21.652,21.887,2.72,2.703,2.685,439.0,1.0
796.0,21.02,21.336,21.674,21.892,2.72,2.703,2.684,439.0,1.0
798.0,21.02,21.336,21.674,21.896,2.72,2.703,2.684,439.0,1.0
800.0,21.041,21.336,21.674,21.899,2.719,2.703,2.684,439.0,1.0
802.0,21.041,21.336,21.762,21.902,2.719,2.703,2.679,439.0,1.0
804.0,21.15,21.445,21.674,21.915,2.713,2.697,2.684,439.0,1.0
806.0,21.062,21.378,21.695,21.92,2.718,2.7,2.683,439.0,1.0
808.0,21.062,21.378,21.695,21.925,2.718,2.7,2.683,439.0,1.0
810.0,21.171,21.399,21.695,21.931,2.712,2.699,2.683,439.0,1.0
812.0,21.171,21.399,21.695,21.936,2.712,2.699,2.683,439.0,1.0
814.0,21.083,21.42,21.716,21.943,2.717,2.698,2.681,439.0,1.0
816.0,21.104,21.42,21.695,21.949,2.715,2.698,2.683,439.0,1.0
818.0,21.104,21.42,21.783,21.955,2.715,2.698,2.678,439.0,1.0
820.0,21.104,21.508,21.716,21.968,2.715,2.693,2.681,439.0,1.0
822.0,21.125,21.42,21.716,21.971,2.714,2.698,2.681,439.0,1.0
824.0,21.125,21.442,21.804,21.977,2.714,2.697,2.677,439.0,1.0
826.0,21.146,21.442,21.737,21.981,2.713,2.697,2.68,439.0,1.0
828.0,21.125,21.463,21.737,21.988,2.714,2.696,2.68,439.0,1.0
830.0,21.146,21.463,21.825,21.993,2.713,2.696,2.675,439.0,1.0
832.0,21.08,21.463,21.737,21.998,2.717,2.696,2.68,439.0,1.0
834.0,21.059,21.463,21.846,22.003,2.718,2.696,2.674,439.0,1.0
836.0,21.255,21.463,21.758,22.007,2.707,2.696,2.679,439.0,1.0
838.0,21.146,21.484,21.846,22.012,2.713,2.694,2.674,439.0,1.0
840.0,21.125,21.484,21.758,22.017,2.714,2.694,2.679,439.0,1.0
842.0,21.146,21.484,21.758,22.022,2.713,2.694,2.679,439.0,1.0
844.0,21.146,21.484,21.758,22.026,2.713,2.694,2.679,439.0,1.0
846.0,21.167,21.484,21.758,22.029,2.712,2.694,2.679,439.0,1.0
848.0,21.167,21.505,21.846,22.034,2.712,2.693,2.674,439.0,1.0
850.0,21.167,21.505,21.779,22.039,2.712,2.693,2.678,439.0,1.0
852.0,21.255,21.505,21.779,22.043,2.707,2.693,2.678,439.0,1.0
854.0,21.167,21.593,21.779,22.055,2.712,2.688,2.678,439.0,1.0
856.0,21.167,21.505,21.8,22.057,2.712,2.693,2.677,439.0,1.0
858.0,21.167,21.505,21.8,22.06,2.712,2.693,2.677,439.0,1.0
860.0,21.167,21.526,21.8,22.064,2.712,2.692,2.677,439.0,1.0
862.0,21.255,21.593,21.821,22.073,2.707,2.688,2.676,439.0,1.0
864.0,21.189,21.614,21.8,22.083,2.711,2.687,2.677,439.0,1.0
866.0,21.167,21.547,21.821,22.087,2.712,2.691,2.676,439.0,1.0
868.0,21.189,21.547,21.821,22.09,2.711,2.691,2.676,439.0,1.0
870.0,21.189,21.547,21.821,22.093,2.711,2.691,2.676,439.0,1.0
872.0,21.276,21.547,21.842,22.095,2.706,2.691,2.674,439.0,1.0
874.0,21.189,21.547,21.93,22.098,2.711,2.691,2.67,439.0,1.0
876.0,21.21,21.547,21.864,22.1,2.71,2.691,2.673,439.0,1.0
878.0,21.21,21.568,21.864,22.104,2.71,2.69,2.673,439.0,1.0
880.0,21.21,21.568,21.842,22.107,2.71,2.69,2.674,439.0,1.0
882.0,21.21,21.568,21.864,22.11,2.71,2.69,2.673,439.0,1.0
884.0,21.231,21.568,21.864,22.113,2.708,2.69,2.673,439.0,1.0
886.0,21.231,21.568,21.864,22.115,2.708,2.69,2.673,439.0,1.0
888.0,21.231,21.568,21.973,22.117,2.708,2.69,2.667,439.0,1.0
890.0,21.231,21.568,21.885,22.119,2.708,2.69,2.672,439.0,1.0
892.0,21.231,21.589,21.952,22.123,2.708,2.688,2.668,439.0,1.0
894.0,21.34,21.589,21.885,22.126,2.702,2.688,2.672,439.0,1.0
896.0,21.319,21.589,21.885,22.129,2.704,2.688,2.672,439.0,1.0
898.0,21.319,21.589,21.885,22.132,2.704,2.688,2.672,439.0,1.0
900.0,21.231,21.61,21.885,22.136,2.708,2.687,2.672,436.0,1.0
902.0,21.252,21.589,21.994,22.138,2.707,2.688,2.666,436.0,1.0
904.0,21.319,21.61,21.906,22.142,2.704,2.687,2.671,436.0,1.0
906.0,21.231,21.61,21.994,22.145,2.708,2.687,2.666,436.0,1.0
908.0,21.21,21.698,21.906,22.156,2.71,2.682,2.671,436.0,1.0
910.0,21.21,21.677,21.973,22.164,2.71,2.684,2.667,436.0,1.0
912.0,21.21,21.61,21.885,22.165,2.71,2.687,2.672,436.0,1.0
914.0,21.297,21.61,21.973,22.166,2.705,2.687,2.667,436.0,1.0
916.0,21.21,21.698,21.973,22.174,2.71,2.682,2.667,436.0,1.0
918.0,21.189,21.589,21.885,22.173,2.711,2.688,2.672,436.0,1.0
920.0,21.21,21.698,21.885,22.181,2.71,2.682,2.672,436.0,1.0
922.0,21.21,21.698,21.906,22.188,2.71,2.682,2.671,436.0,1.0
924.0,21.189,21.61,21.906,22.187,2.711,2.687,2.671,436.0,1.0
926.0,21.276,21.719,21.906,22.195,2.706,2.681,2.671,436.0,1.0
928.0,21.189,21.719,21.994,22.203,2.711,2.681,2.666,436.0,1.0
930.0,21.276,21.719,21.994,22.209,2.706,2.681,2.666,436.0,1.0
932.0,21.189,21.631,21.994,22.208,2.711,2.686,2.666,436.0,1.0
934.0,21.21,21.61,21.885,22.205,2.71,2.687,2.672,436.0,1.0
936.0,21.21,21.61,21.906,22.202,2.71,2.687,2.671,436.0,1.0
938.0,21.21,21.719,21.906,22.209,2.71,2.681,2.671,436.0,1.0
940.0,21.276,21.631,21.906,22.207,2.706,2.686,2.671,436.0,1.0
942.0,21.297,21.61,21.906,22.204,2.705,2.687,2.671,436.0,1.0
944.0,21.21,21.719,21.994,22.211,2.71,2.681,2.666,436.0,1.0
946.0,21.21,21.631,21.994,22.209,2.71,2.686,2.666,436.0,1.0
948.0,21.21,21.631,21.906,22.208,2.71,2.686,2.671,436.0,1.0
950.0,21.231,21.631,21.927,22.207,2.708,2.686,2.67,436.0,1.0
952.0,21.231,21.631,21.927,22.205,2.708,2.686,2.67,436.0,1.0
954.0,21.21,21.698,21.927,22.21,2.71,2.682,2.67,436.0,1.0
956.0,21.21,21.719,22.015,22.216,2.71,2.681,2.665,436.0,1.0
958.0,21.21,21.631,21.948,22.214,2.71,2.686,2.669,436.0,1.0
960.0,21.231,21.631,22.036,22.212,2.708,2.686,2.664,436.0,1.0
962.0,21.21,21.631,21.948,22.21,2.71,2.686,2.669,436.0,1.0
964.0,21.21,21.631,21.948,22.209,2.71,2.686,2.669,436.0,1.0
966.0,21.21,21.631,22.036,22.208,2.71,2.686,2.664,436.0,1.0
968.0,21.21,21.719,21.948,22.214,2.71,2.681,2.669,436.0,1.0
970.0,21.231,21.631,21.927,22.212,2.708,2.686,2.67,436.0,1.0
972.0,21.231,21.631,22.036,22.21,2.708,2.686,2.664,436.0,1.0
974.0,21.231,21.631,21.948,22.209,2.708,2.686,2.669,436.0,1.0
976.0,21.231,21.631,22.015,22.207,2.708,2.686,2.665,436.0,1.0
978.0,21.231,21.652,22.015,22.208,2.708,2.685,2.665,436.0,1.0
980.0,21.231,21.631,21.948,22.207,2.708,2.686,2.669,436.0,1.0
982.0,21.231,21.652,21.969,22.207,2.708,2.685,2.667,436.0,1.0
984.0,21.252,21.652,21.969,22.208,2.707,2.685,2.667,436.0,1.0
986.0,21.252,21.652,21.969,22.208,2.707,2.685,2.667,432.0,1.0
988.0,21.252,21.74,21.969,22.216,2.707,2.68,2.667,432.0,1.0
990.0,21.252,21.674,21.969,22.218,2.707,2.684,2.667,432.0,1.0
992.0,21.34,21.652,21.969,22.218,2.702,2.685,2.667,432.0,1.0
994.0,21.34,21.74,22.057,22.225,2.702,2.68,2.662,432.0,1.0
996.0,21.319,21.652,21.969,22.224,2.704,2.685,2.667,432.0,1.0
998.0,21.297,21.674,21.948,22.224,2.705,2.684,2.669,432.0,1.0
1000.0,21.297,21.74,21.948,22.231,2.705,2.68,2.669,432.0,1.0
1002.0,21.297,21.652,21.948,22.229,2.705,2.685,2.669,432.0,1.0
1004.0,21.297,21.652,21.948,22.228,2.705,2.685,2.669,432.0,1.0
1006.0,21.276,21.652,21.948,22.226,2.706,2.685,2.669,432.0,1.0
1008.0,21.189,21.74,22.057,22.233,2.711,2.68,2.662,432.0,1.0
1010.0,21.21,21.719,21.948,22.237,2.71,2.681,2.669,432.0,1.0
1012.0,21.276,21.631,22.036,22.232,2.706,2.686,2.664,432.0,1.0
1014.0,21.189,21.631,22.036,22.229,2.711,2.686,2.664,432.0,1.0
1016.0,21.276,21.74,21.948,22.235,2.706,2.68,2.669,432.0,1.0
1018.0,21.21,21.74,21.948,22.24,2.71,2.68,2.669,432.0,1.0
1020.0,21.189,21.652,22.036,22.238,2.711,2.685,2.664,432.0,1.0
1022.0,21.189,21.652,22.036,22.235,2.711,2.685,2.664,432.0,1.0
1024.0,21.167,21.631,22.036,22.231,2.712,2.686,2.664,432.0,1.0
1026.0,21.167,21.719,22.036,22.235,2.712,2.681,2.664,432.0,1.0
1028.0,21.167,21.631,21.948,22.231,2.712,2.686,2.669,432.0,1.0
1030.0,21.255,21.719,22.036,22.235,2.707,2.681,2.664,432.0,1.0
1032.0,21.255,21.719,21.927,22.239,2.707,2.681,2.67,432.0,1.0
1034.0,21.234,21.719,21.927,22.242,2.708,2.681,2.67,432.0,1.0
1036.0,21.234,21.631,21.927,22.238,2.708,2.686,2.67,432.0,1.0
1038.0,21.255,21.652,22.036,22.235,2.707,2.685,2.664,432.0,1.0
1040.0,21.255,21.719,22.036,22.239,2.707,2.681,2.664,432.0,1.0
1042.0,21.167,21.631,22.036,22.235,2.712,2.686,2.664,432.0,1.0
1044.0,21.167,21.719,22.015,22.238,2.712,2.681,2.665,432.0,1.0
1046.0,21.167,21.719,22.015,22.242,2.712,2.681,2.665,432.0,1.0
1048.0,21.255,21.631,21.927,22.237,2.707,2.686,2.67,432.0,1.0
1050.0,21.167,21.631,21.927,22.233,2.712,2.686,2.67,432.0,1.0
1052.0,21.255,21.719,21.927,22.237,2.707,2.681,2.67,432.0,1.0
1054.0,21.146,21.719,22.015,22.24,2.713,2.681,2.665,432.0,1.0
1056.0,21.167,21.631,21.927,22.236,2.712,2.686,2.67,432.0,1.0
1058.0,21.146,21.631,21.927,22.232,2.713,2.686,2.67,432.0,1.0
1060.0,21.167,21.719,21.927,22.236,2.712,2.681,2.67,429.0,1.0
1062.0,21.255,21.719,22.015,22.239,2.707,2.681,2.665,429.0,1.0
1064.0,21.234,21.719,21.927,22.243,2.708,2.681,2.67,429.0,1.0
1066.0,21.213,21.719,22.015,22.246,2.709,2.681,2.665,429.0,1.0
1068.0,21.125,21.719,21.927,22.248,2.714,2.681,2.67,429.0,1.0
1070.0,21.125,21.719,22.015,22.251,2.714,2.681,2.665,429.0,1.0
1072.0,21.125,21.719,22.015,22.253,2.714,2.681,2.665,429.0,1.0
1074.0,21.125,21.719,22.015,22.255,2.714,2.681,2.665,429.0,1.0
1076.0,21.213,21.719,22.015,22.256,2.709,2.681,2.665,429.0,1.0
1078.0,21.125,21.698,22.015,22.256,2.714,2.682,2.665,429.0,1.0
1080.0,21.125,21.698,21.927,22.256,2.714,2.682,2.67,429.0,1.0
1082.0,21.192,21.61,21.927,22.248,2.711,2.687,2.67,429.0,1.0
1084.0,21.192,21.698,21.927,22.249,2.711,2.682,2.67,429.0,1.0
1086.0,21.083,21.589,22.015,22.24,2.717,2.688,2.665,429.0,1.0
1088.0,21.171,21.698,22.015,22.241,2.712,2.682,2.665,429.0,1.0
1090.0,21.171,21.698,22.015,22.242,2.712,2.682,2.665,429.0,1.0
1092.0,21.171,21.677,21.927,22.242,2.712,2.684,2.67,429.0,1.0
1094.0,21.171,21.677,21.927,22.241,2.712,2.684,2.67,429.0,1.0
1096.0,21.171,21.677,21.994,22.24,2.712,2.684,2.666,429.0,1.0
1098.0,21.171,21.677,21.927,22.24,2.712,2.684,2.67,429.0,1.0
1100.0,21.171,21.677,21.927,22.24,2.712,2.684,2.67,429.0,1.0
1102.0,21.083,21.589,21.994,22.231,2.717,2.688,2.666,429.0,1.0
1104.0,21.062,21.677,21.994,22.232,2.718,2.684,2.666,429.0,1.0
1106.0,21.062,21.677,21.994,22.232,2.718,2.684,2.666,429.0,1.0
1108.0,21.15,21.698,21.906,22.234,2.713,2.682,2.671,429.0,1.0
1110.0,21.083,21.677,21.973,22.234,2.717,2.684,2.667,429.0,1.0
1112.0,21.083,21.589,21.994,22.227,2.717,2.688,2.666,429.0,1.0
1114.0,21.062,21.677,21.973,22.228,2.718,2.684,2.667,429.0,1.0
1116.0,21.062,21.656,21.973,22.227,2.718,2.685,2.667,429.0,1.0
1118.0,21.083,21.656,21.973,22.226,2.717,2.685,2.667,429.0,1.0
1120.0,21.083,21.656,21.973,22.225,2.717,2.685,2.667,429.0,1.0
1122.0,21.171,21.568,21.973,22.216,2.712,2.69,2.667,429.0,1.0
1124.0,21.062,21.656,21.973,22.216,2.718,2.685,2.667,429.0,1.0
1126.0,21.041,21.568,21.885,22.209,2.719,2.69,2.672,429.0,1.0
1128.0,21.041,21.568,21.973,22.202,2.719,2.69,2.667,429.0,1.0
1130.0,21.129,21.656,21.973,22.203,2.714,2.685,2.667,429.0,1.0
1132.0,21.15,21.568,21.885,22.197,2.713,2.69,2.672,426.0,1.0
1134.0,21.15,21.656,21.864,22.199,2.713,2.685,2.673,426.0,1.0
1136.0,21.062,21.568,21.973,22.193,2.718,2.69,2.667,426.0,1.0
1138.0,21.129,21.568,21.973,22.188,2.714,2.69,2.667,426.0,1.0
1140.0,21.108,21.656,21.973,22.19,2.715,2.685,2.667,426.0,1.0
1142.0,21.02,21.635,21.994,22.191,2.72,2.686,2.666,426.0,1.0
1144.0,21.108,21.656,21.994,22.193,2.715,2.685,2.666,426.0,1.0
1146.0,21.108,21.635,21.906,22.194,2.715,2.686,2.671,426.0,1.0
1148.0,21.108,21.547,21.927,22.187,2.715,2.691,2.67,426.0,1.0
1150.0,21.087,21.635,21.927,22.188,2.716,2.686,2.67,426.0,1.0
1152.0,21.108,21.723,22.015,22.196,2.715,2.681,2.665,426.0,1.0
1154.0,21.108,21.635,22.015,22.196,2.715,2.686,2.665,426.0,1.0
1156.0,21.196,21.547,22.015,22.189,2.71,2.691,2.665,426.0,1.0
1158.0,21.087,21.635,21.927,22.19,2.716,2.686,2.67,426.0,1.0
1160.0,21.174,21.547,22.015,22.183,2.712,2.691,2.665,426.0,1.0
1162.0,20.999,21.635,21.994,22.184,2.721,2.686,2.666,426.0,1.0
1164.0,21.087,21.635,21.994,22.186,2.716,2.686,2.666,426.0,1.0
1166.0,21.087,21.635,21.994,22.187,2.716,2.686,2.666,426.0,1.0
1168.0,21.087,21.635,21.973,22.188,2.716,2.686,2.667,426.0,1.0
1170.0,20.999,21.614,21.973,22.187,2.721,2.687,2.667,426.0,1.0
1172.0,20.999,21.614,21.973,22.186,2.721,2.687,2.667,426.0,1.0
1174.0,20.978,21.614,21.994,22.185,2.723,2.687,2.666,426.0,1.0
1176.0,21.087,21.614,21.994,22.185,2.716,2.687,2.666,426.0,1.0
1178.0,21.087,21.526,21.885,22.177,2.716,2.692,2.672,426.0,1.0
1180.0,20.978,21.614,21.973,22.177,2.723,2.687,2.667,426.0,1.0
1182.0,21.066,21.526,21.994,22.169,2.718,2.692,2.666,426.0,1.0
1184.0,20.978,21.614,21.994,22.17,2.723,2.687,2.666,426.0,1.0
1186.0,20.978,21.593,21.973,22.169,2.723,2.688,2.667,426.0,1.0
1188.0,21.066,21.593,21.885,22.168,2.718,2.688,2.672,426.0,1.0
1190.0,21.066,21.593,21.973,22.168,2.718,2.688,2.667,426.0,1.0
1192.0,21.045,21.593,21.994,22.167,2.719,2.688,2.666,426.0,1.0
1194.0,21.045,21.505,21.994,22.159,2.719,2.693,2.666,426.0,1.0
1196.0,20.957,21.593,22.082,22.159,2.724,2.688,2.661,426.0,1.0
1198.0,21.045,21.593,21.906,22.159,2.719,2.688,2.671,426.0,1.0
1200.0,21.045,21.593,21.973,22.159,2.719,2.688,2.667,426.0,1.0
1202.0,21.023,21.593,21.885,22.159,2.72,2.688,2.672,426.0,1.0
1204.0,21.023,21.593,21.864,22.159,2.72,2.688,2.673,426.0,1.0
1206.0,21.023,21.593,21.952,22.159,2.72,2.688,2.668,426.0,1.0
1208.0,20.936,21.572,21.952,22.157,2.725,2.689,2.668,426.0,1.0
1210.0,21.023,21.572,21.952,22.156,2.72,2.689,2.668,426.0,1.0
1212.0,21.023,21.572,21.93,22.154,2.72,2.689,2.67,426.0,1.0
1214.0,21.023,21.572,21.909,22.153,2.72,2.689,2.671,426.0,1.0
1216.0,21.002,21.572,21.93,22.152,2.721,2.689,2.67,426.0,1.0
1218.0,21.002,21.463,21.93,22.142,2.721,2.696,2.67,426.0,1.0
1220.0,21.002,21.551,21.93,22.14,2.721,2.691,2.67,426.0,1.0
1222.0,21.002,21.551,21.909,22.138,2.721,2.691,2.671,426.0,1.0
1224.0,21.023,21.551,21.93,22.136,2.72,2.691,2.67,426.0,1.0
1226.0,21.023,21.551,21.93,22.135,2.72,2.691,2.67,426.0,1.0
1228.0,21.045,21.551,21.93,22.134,2.719,2.691,2.67,426.0,1.0
1230.0,20.957,21.551,21.93,22.133,2.724,2.691,2.67,426.0,1.0
1232.0,21.045,21.463,21.909,22.124,2.719,2.696,2.671,422.0,1.0
1234.0,21.045,21.551,21.93,22.124,2.719,2.691,2.67,422.0,1.0
1236.0,21.045,21.551,21.93,22.124,2.719,2.691,2.67,422.0,1.0
1238.0,21.002,21.551,21.93,22.124,2.721,2.691,2.67,422.0,1.0
1240.0,20.981,21.617,21.93,22.129,2.722,2.687,2.67,422.0,1.0
1242.0,20.96,21.529,21.93,22.127,2.723,2.692,2.67,422.0,1.0
1244.0,20.96,21.529,21.909,22.125,2.723,2.692,2.671,422.0,1.0
1246.0,20.939,21.508,21.909,22.121,2.725,2.693,2.671,422.0,1.0
1248.0,20.96,21.529,21.93,22.119,2.723,2.692,2.67,422.0,1.0
1250.0,20.939,21.617,21.909,22.125,2.725,2.687,2.671,422.0,1.0
1252.0,20.851,21.508,21.909,22.121,2.73,2.693,2.671,422.0,1.0
1254.0,20.939,21.508,21.888,22.118,2.725,2.693,2.672,422.0,1.0
1256.0,20.83,21.508,21.909,22.115,2.731,2.693,2.671,422.0,1.0
1258.0,20.939,21.529,21.888,22.113,2.725,2.692,2.672,422.0,1.0
1260.0,20.918,21.529,21.997,22.113,2.726,2.692,2.666,422.0,1.0
1262.0,20.939,21.508,21.909,22.11,2.725,2.693,2.671,422.0,1.0
1264.0,20.918,21.508,21.909,22.107,2.726,2.693,2.671,422.0,1.0
1266.0,20.939,21.596,21.888,22.113,2.725,2.688,2.672,422.0,1.0
1268.0,20.918,21.508,21.888,22.11,2.726,2.693,2.672,422.0,1.0
1270.0,20.939,21.596,21.867,22.115,2.725,2.688,2.673,422.0,1.0
1272.0,20.939,21.508,21.867,22.112,2.725,2.693,2.673,422.0,1.0
1274.0,20.939,21.508,21.867,22.11,2.725,2.693,2.673,422.0,1.0
1276.0,21.006,21.508,21.758,22.107,2.721,2.693,2.679,422.0,1.0
1278.0,20.918,21.508,21.846,22.105,2.726,2.693,2.674,422.0,1.0
1280.0,20.897,21.508,21.846,22.103,2.727,2.693,2.674,422.0,1.0
1282.0,20.897,21.487,21.846,22.1,2.727,2.694,2.674,422.0,1.0
1284.0,20.985,21.575,21.846,22.104,2.722,2.689,2.674,422.0,1.0
1286.0,20.897,21.487,21.846,22.1,2.727,2.694,2.674,422.0,1.0
1288.0,20.897,21.487,21.846,22.097,2.727,2.694,2.674,422.0,1.0
1290.0,20.897,21.487,21.825,22.094,2.727,2.694,2.675,422.0,1.0
1292.0,20.897,21.487,21.825,22.091,2.727,2.694,2.675,422.0,1.0
1294.0,20.876,21.466,21.825,22.087,2.728,2.695,2.675,422.0,1.0
1296.0,20.876,21.466,21.825,22.083,2.728,2.695,2.675,422.0,1.0
1298.0,20.964,21.554,21.804,22.087,2.723,2.69,2.677,422.0,1.0
1300.0,20.876,21.466,21.804,22.083,2.728,2.695,2.677,422.0,1.0
1302.0,20.876,21.554,21.804,22.087,2.728,2.69,2.677,422.0,1.0
1304.0,20.876,21.466,21.825,22.084,2.728,2.695,2.675,422.0,1.0
1306.0,20.876,21.466,21.825,22.08,2.728,2.695,2.675,422.0,1.0
1308.0,20.964,21.445,21.825,22.075,2.723,2.697,2.675,422.0,1.0
1310.0,20.943,21.445,21.825,22.07,2.724,2.697,2.675,422.0,1.0
1312.0,20.855,21.445,21.825,22.066,2.729,2.697,2.675,422.0,1.0
1314.0,20.876,21.445,21.825,22.063,2.728,2.697,2.675,422.0,1.0
1316.0,20.855,21.424,21.825,22.058,2.729,2.698,2.675,422.0,1.0
1318.0,20.746,21.424,21.825,22.053,2.735,2.698,2.675,422.0,1.0
1320.0,20.855,21.445,21.825,22.051,2.729,2.697,2.675,422.0,1.0
1322.0,20.855,21.445,21.804,22.048,2.729,2.697,2.677,422.0,1.0
1324.0,20.834,21.424,21.825,22.045,2.731,2.698,2.675,422.0,1.0
1326.0,20.834,21.424,21.804,22.041,2.731,2.698,2.677,422.0,1.0
1328.0,20.813,21.424,21.804,22.038,2.732,2.698,2.677,422.0,1.0
1330.0,20.813,21.403,21.804,22.034,2.732,2.699,2.677,422.0,1.0
